"Symbol","Date/Time","Buy/Sell","Quantity","Price","Commission"
"AAPL","2025-09-22;23:59:09 AEST","BUY","100","251.17","-1.0022"
"AAPL","2025-09-22;23:59:09 AEST","BUY","100","251.18","-0.0022"
"AAPL","2025-09-22;23:59:09 AEST","BUY","100","251.18","-0.5022"
"AAPL","2025-09-22;23:59:09 AEST","BUY","100","251.18","-0.5022"
"AAPL","2025-09-23;00:01:17 AEST","BUY","200","251.58","-1.0044"
"AAPL","2025-09-23;00:01:17 AEST","BUY","200","251.6","-1.0044"
"AAPL","2025-09-23;00:01:48 AEST","BUY","100","252.07","-1.0022"
"AAPL","2025-09-23;00:01:48 AEST","BUY","200","252.07","-0.5044"
"AAPL","2025-09-23;00:01:49 AEST","BUY","100","252.06","-0.5022"
"AAPL","2025-09-23;00:03:23 AEST","BUY","100","251.84","-1.0022"
"AAPL","2025-09-23;00:03:23 AEST","BUY","100","251.84","-0.0022"
"AAPL","2025-09-23;00:03:23 AEST","BUY","100","251.84","-0.5022"
"AAPL","2025-09-23;00:03:23 AEST","BUY","100","251.84","-0.5022"
"AAPL","2025-09-23;00:06:26 AEST","BUY","100","251.55","-1.0022"
"AAPL","2025-09-23;00:06:26 AEST","BUY","300","251.55","-1.0066"
"AAPL","2025-09-23;00:06:52 AEST","BUY","100","251.61","-1.0022"
"AAPL","2025-09-23;00:00:07 AEST","SELL","-200","250.92","-1.0376"
"AAPL","2025-09-23;00:00:07 AEST","SELL","-100","250.92","-0.5188"
"AAPL","2025-09-23;00:00:07 AEST","SELL","-100","250.92","-0.5188"
"AAPL","2025-09-23;00:01:22 AEST","SELL","-100","251.78","-1.0188"
"AAPL","2025-09-23;00:01:22 AEST","SELL","-100","251.78","-0.0188"
"AAPL","2025-09-23;00:01:22 AEST","SELL","-200","251.78","-1.0376"
"AAPL","2025-09-23;00:02:04 AEST","SELL","-100","251.86","-1.0188"
"AAPL","2025-09-23;00:02:04 AEST","SELL","-200","251.86","-0.5376"
"AAPL","2025-09-23;00:02:04 AEST","SELL","-100","251.85","-0.5188"
"AAPL","2025-09-23;00:02:20 AEST","SELL","-100","252.04","-1.0188"
"AAPL","2025-09-23;00:02:20 AEST","SELL","-100","252.04","-0.0188"
"AAPL","2025-09-23;00:02:20 AEST","SELL","-200","252.04","-1.0376"
"AAPL","2025-09-23;00:06:11 AEST","SELL","-100","251.37","-1.0188"
"AAPL","2025-09-23;00:06:12 AEST","SELL","-100","251.37","-0.0188"
"AAPL","2025-09-23;00:06:12 AEST","SELL","-200","251.37","-1.0376"
"AAPL","2025-09-23;00:15:53 AEST","SELL","-100","251.7","-1.0188"
"ACB","2025-09-30;23:31:27 AEST","BUY","300","5.97","-1.5066"
"ACB","2025-09-30;23:31:27 AEST","BUY","7","5.97","-0.035154"
"ACB","2025-09-30;23:31:27 AEST","BUY","28","5.97","-0.140616"
"ACB","2025-10-01;05:55:05 AEST","SELL","-200","5.98","-1.0376"
"ACB","2025-10-01;05:55:05 AEST","SELL","-100","5.98","-0.5188"
"ACB","2025-10-01;05:55:05 AEST","SELL","-35","5.98","-0.18158"
"ADPT","2025-09-26;05:55:06 AEST","BUY","100","13.12","-1.0022"
"ADPT","2025-09-26;05:55:07 AEST","BUY","50","13.12","-0.0011"
"ADPT","2025-09-26;02:57:40 AEST","SELL","-100","13.3","-1.0188"
"ADPT","2025-09-26;02:57:40 AEST","SELL","-50","13.3","-0.0094"
"ADVM","2025-09-24;01:14:47 AEST","BUY","200","4.69","-1.0044"
"ADVM","2025-09-24;01:14:47 AEST","BUY","5","4.72","-0.02511"
"ADVM","2025-09-24;01:14:47 AEST","BUY","100","4.7","-0.5022"
"ADVM","2025-09-24;01:14:47 AEST","BUY","100","4.7","-0.5022"
"ADVM","2025-09-24;01:14:47 AEST","BUY","100","4.72","-0.5022"
"ADVM","2025-09-24;00:54:19 AEST","SELL","-100","3.96","-1.0188"
"ADVM","2025-09-24;00:54:20 AEST","SELL","-100","3.96","-0.0188"
"ADVM","2025-09-24;00:54:22 AEST","SELL","-200","3.96","-1.0376"
"ADVM","2025-09-24;00:54:23 AEST","SELL","-105","3.96","-0.54474"
"AIRE","2025-09-22;23:30:02 AEST","SELL","-400","0.8727","-2.0752"
"AIRE","2025-09-22;23:30:02 AEST","SELL","-100","0.8727","-0.5188"
"AIRE","2025-09-22;23:30:02 AEST","SELL","-100","0.8727","-0.5188"
"AIRE","2025-09-22;23:30:02 AEST","SELL","-300","0.8727","-1.5564"
"AIRE","2025-09-22;23:30:02 AEST","SELL","-300","0.8727","-1.5564"
"AIRE","2025-09-22;23:30:03 AEST","SELL","-100","0.8727","-0.5188"
"AIRE","2025-09-22;23:30:04 AEST","SELL","-100","0.8727","-0.5188"
"AIRE","2025-09-22;23:30:04 AEST","SELL","-300","0.8727","-1.5564"
"AIRE","2025-09-22;23:30:04 AEST","SELL","-100","0.8727","-0.5188"
"AIRE","2025-09-22;23:30:04 AEST","SELL","-100","0.8727","-0.5188"
"AIRE","2025-09-22;23:30:06 AEST","SELL","-100","0.8727","-0.5188"
"AIRE","2025-09-22;23:30:06 AEST","SELL","-100","0.8727","-0.5188"
"AIRE","2025-09-22;23:30:06 AEST","SELL","-100","0.8727","-0.5188"
"AIRE","2025-09-22;23:30:06 AEST","SELL","-300","0.8727","-1.5564"
"AIRE","2025-09-22;23:30:06 AEST","SELL","-100","0.8727","-0.5188"
"AIRE","2025-09-22;23:30:06 AEST","SELL","-100","0.8727","-0.5188"
"AIRE","2025-09-22;23:30:06 AEST","SELL","-100","0.8727","-0.5188"
"AIRE","2025-09-22;23:30:06 AEST","SELL","-100","0.8727","-0.5188"
"AIRE","2025-09-22;23:30:06 AEST","SELL","-100","0.8727","-0.5188"
"AIRE","2025-09-22;23:30:06 AEST","SELL","-100","0.8727","-0.5188"
"AIRE","2025-09-22;23:30:06 AEST","SELL","-300","0.8727","-1.5564"
"AIRE","2025-09-22;23:30:06 AEST","SELL","-100","0.8727","-0.5188"
"AIRE","2025-09-22;23:30:06 AEST","SELL","-100","0.8727","-0.5188"
"AIRE","2025-09-22;23:30:07 AEST","SELL","-246","0.8727","-1.276248"
"ALEC","2025-09-22;23:30:02 AEST","SELL","-100","2.95","-1.0188"
"ALEC","2025-09-22;23:30:02 AEST","SELL","-400","2.95","-1.5752"
"ALEC","2025-09-22;23:30:02 AEST","SELL","-100","2.95","-0.5188"
"ALEC","2025-09-22;23:30:02 AEST","SELL","-400","2.95","-2.0752"
"ALEC","2025-09-22;23:30:03 AEST","SELL","-100","2.95","-0.5188"
"ALEC","2025-09-22;23:30:03 AEST","SELL","-100","2.95","-0.5188"
"ALEC","2025-09-22;23:30:04 AEST","SELL","-33","2.95","-0.171204"
"ALEC","2025-09-22;23:30:04 AEST","SELL","-100","2.95","-0.5188"
"ALM","2025-09-25;01:39:49 AEST","BUY","151","5.69","-1.003322"
"ALM","2025-09-25;01:39:49 AEST","BUY","200","5.69","-0.7594"
"ALM","2025-09-25;05:55:03 AEST","SELL","-100","5.61","-1.0188"
"ALM","2025-09-25;05:55:03 AEST","SELL","-191","5.61","-0.490908"
"ALM","2025-09-25;05:55:04 AEST","SELL","-60","5.61","-0.31128"
"ALRM","2025-09-26;01:02:34 AEST","BUY","39","51.01","-1.000858"
"ALRM","2025-09-26;05:55:06 AEST","SELL","-39","51.31","-1.007332"
"AMD","2025-09-22;23:43:07 AEST","BUY","200","160.15","-1.0044"
"AMD","2025-09-22;23:43:07 AEST","BUY","100","160.15","-0.5022"
"AMD","2025-09-22;23:43:07 AEST","BUY","10","160.15","-0.05022"
"AMD","2025-09-22;23:43:07 AEST","BUY","90","160.15","-0.45198"
"AMD","2025-09-22;23:44:00 AEST","BUY","200","160.37","-1.0044"
"AMD","2025-09-22;23:44:00 AEST","BUY","100","160.36","-0.5022"
"AMD","2025-09-22;23:44:00 AEST","BUY","100","160.37","-0.5022"
"AMD","2025-09-22;23:45:34 AEST","BUY","200","159.87","-1.0044"
"AMD","2025-09-22;23:45:34 AEST","BUY","100","159.87","-0.5022"
"AMD","2025-09-22;23:45:34 AEST","BUY","100","159.87","-0.5022"
"AMD","2025-09-22;23:46:50 AEST","BUY","400","160.27","-2.0088"
"AMD","2025-09-22;23:47:19 AEST","BUY","400","160.52","-2.0088"
"AMD","2025-09-22;23:56:50 AEST","BUY","100","161.23","-1.0022"
"AMD","2025-09-22;23:56:50 AEST","BUY","32","161.23","-0.000704"
"AMD","2025-09-22;23:56:50 AEST","BUY","168","161.23","-0.503696"
"AMD","2025-09-22;23:56:50 AEST","BUY","100","161.23","-0.5022"
"AMD","2025-09-23;00:09:42 AEST","BUY","100","161.44","-1.0022"
"AMD","2025-09-23;00:09:42 AEST","BUY","100","161.44","-0.0022"
"AMD","2025-09-23;00:09:42 AEST","BUY","200","161.44","-1.0044"
"AMD","2025-09-23;00:12:00 AEST","BUY","400","161.3","-2.0088"
"AMD","2025-09-23;23:36:26 AEST","BUY","300","162.44","-1.5066"
"AMD","2025-09-23;23:36:26 AEST","BUY","100","162.44","-0.5022"
"AMD","2025-09-23;23:37:08 AEST","BUY","400","162.58","-2.0088"
"AMD","2025-09-23;23:37:57 AEST","BUY","100","161.97","-1.0022"
"AMD","2025-09-23;23:37:57 AEST","BUY","100","161.97","-0.0022"
"AMD","2025-09-23;23:37:59 AEST","BUY","100","161.97","-0.5022"
"AMD","2025-09-23;23:37:59 AEST","BUY","100","161.97","-0.5022"
"AMD","2025-09-23;23:38:20 AEST","BUY","100","161.78","-1.0022"
"AMD","2025-09-23;23:38:20 AEST","BUY","200","161.78","-0.5044"
"AMD","2025-09-23;23:38:20 AEST","BUY","100","161.78","-0.5022"
"AMD","2025-09-23;23:42:44 AEST","BUY","100","161.3","-1.0022"
"AMD","2025-09-23;23:42:44 AEST","BUY","100","161.3","-0.0022"
"AMD","2025-09-23;23:42:44 AEST","BUY","200","161.3","-1.0044"
"AMD","2025-09-22;23:43:09 AEST","SELL","-200","159.92","-1.0376"
"AMD","2025-09-22;23:43:09 AEST","SELL","-100","159.92","-0.5188"
"AMD","2025-09-22;23:43:09 AEST","SELL","-100","159.92","-0.5188"
"AMD","2025-09-22;23:44:22 AEST","SELL","-100","160.16","-1.0188"
"AMD","2025-09-22;23:44:22 AEST","SELL","-200","160.2","-0.5376"
"AMD","2025-09-22;23:44:22 AEST","SELL","-100","160.2","-0.5188"
"AMD","2025-09-22;23:45:17 AEST","SELL","-100","160.07","-1.0188"
"AMD","2025-09-22;23:45:17 AEST","SELL","-100","160.07","-0.0188"
"AMD","2025-09-22;23:45:17 AEST","SELL","-200","160.07","-1.0376"
"AMD","2025-09-22;23:47:01 AEST","SELL","-100","160.47","-1.0188"
"AMD","2025-09-22;23:47:01 AEST","SELL","-100","160.47","-0.0188"
"AMD","2025-09-22;23:47:01 AEST","SELL","-100","160.47","-0.5188"
"AMD","2025-09-22;23:47:01 AEST","SELL","-100","160.47","-0.5188"
"AMD","2025-09-22;23:47:36 AEST","SELL","-400","160.28","-2.0752"
"AMD","2025-09-22;23:57:03 AEST","SELL","-200","161.02","-1.0376"
"AMD","2025-09-22;23:57:03 AEST","SELL","-200","161.02","-1.0376"
"AMD","2025-09-23;00:11:12 AEST","SELL","-100","161.21","-1.0188"
"AMD","2025-09-23;00:11:12 AEST","SELL","-100","161.21","-0.0188"
"AMD","2025-09-23;00:11:12 AEST","SELL","-100","161.21","-0.5188"
"AMD","2025-09-23;00:11:12 AEST","SELL","-100","161.21","-0.5188"
"AMD","2025-09-23;00:12:52 AEST","SELL","-100","161.5","-1.0188"
"AMD","2025-09-23;00:12:52 AEST","SELL","-100","161.5","-0.0188"
"AMD","2025-09-23;00:12:52 AEST","SELL","-200","161.5","-1.0376"
"AMD","2025-09-23;23:36:38 AEST","SELL","-200","162.2","-1.0376"
"AMD","2025-09-23;23:36:38 AEST","SELL","-100","162.2","-0.5188"
"AMD","2025-09-23;23:36:38 AEST","SELL","-100","162.2","-0.5188"
"AMD","2025-09-23;23:37:18 AEST","SELL","-100","162.36","-1.0188"
"AMD","2025-09-23;23:37:18 AEST","SELL","-100","162.35","-0.0188"
"AMD","2025-09-23;23:37:18 AEST","SELL","-100","162.36","-0.5188"
"AMD","2025-09-23;23:37:18 AEST","SELL","-100","162.35","-0.5188"
"AMD","2025-09-23;23:37:45 AEST","SELL","-100","162.17","-1.0188"
"AMD","2025-09-23;23:37:45 AEST","SELL","-57","162.17","-0.010716"
"AMD","2025-09-23;23:37:46 AEST","SELL","-143","162.18","-0.526884"
"AMD","2025-09-23;23:37:46 AEST","SELL","-100","162.17","-0.5188"
"AMD","2025-09-23;23:38:17 AEST","SELL","-300","161.98","-1.5564"
"AMD","2025-09-23;23:38:17 AEST","SELL","-100","161.93","-0.5188"
"AMD","2025-09-23;23:41:34 AEST","SELL","-100","161.46","-1.0188"
"AMD","2025-09-23;23:41:34 AEST","SELL","-100","161.5","-0.0188"
"AMD","2025-09-23;23:41:34 AEST","SELL","-100","161.46","-0.5188"
"AMD","2025-09-23;23:41:34 AEST","SELL","-100","161.46","-0.5188"
"AMPX","2025-09-25;23:43:52 AEST","BUY","100","10.09","-1.0022"
"AMPX","2025-09-25;23:43:52 AEST","BUY","296","10.09","-0.986512"
"AMPX","2025-09-26;00:24:42 AEST","SELL","-96","10.72","-1.018048"
"AMPX","2025-09-26;00:24:43 AEST","SELL","-300","10.72","-1.0364"
"AMPY","2025-09-29;23:54:53 AEST","BUY","100","5.36","-1.0022"
"AMPY","2025-09-29;23:55:15 AEST","BUY","100","5.35","-0.0022"
"AMPY","2025-09-29;23:55:16 AEST","BUY","100","5.36","-0.5022"
"AMPY","2025-09-29;23:55:16 AEST","BUY","100","5.36","-0.5022"
"AMPY","2025-09-29;23:55:32 AEST","BUY","100","5.36","-0.5022"
"AMPY","2025-09-29;23:55:32 AEST","BUY","100","5.36","-0.5022"
"AMPY","2025-09-29;23:55:32 AEST","BUY","53","5.36","-0.266166"
"AMPY","2025-09-29;23:55:32 AEST","BUY","100","5.36","-0.5022"
"AMPY","2025-09-30;00:13:20 AEST","BUY","100","5.31","-1.0022"
"AMPY","2025-09-30;00:13:20 AEST","BUY","300","5.31","-1.0066"
"AMPY","2025-09-30;00:13:20 AEST","BUY","100","5.31","-0.5022"
"AMPY","2025-09-30;00:13:32 AEST","BUY","253","5.31","-1.270566"
"AMPY","2025-09-30;01:02:39 AEST","SELL","-3","5.39","-0.171264"
"AMPY","2025-09-30;01:02:39 AEST","SELL","-50","5.39","-0.8387"
"AMPY","2025-09-30;01:02:39 AEST","SELL","-300","5.39","-0.8214"
"AMPY","2025-09-30;01:02:39 AEST","SELL","-200","5.39","-1.0376"
"AMPY","2025-09-30;01:02:39 AEST","SELL","-200","5.39","-1.0376"
"AMZN","2025-09-26;23:40:03 AEST","BUY","100","220.19","-1.0022"
"AMZN","2025-09-26;23:40:03 AEST","BUY","100","220.19","-0.0022"
"AMZN","2025-09-26;23:40:03 AEST","BUY","100","220.19","-0.5022"
"AMZN","2025-09-26;23:40:03 AEST","BUY","100","220.19","-0.5022"
"AMZN","2025-09-26;23:42:48 AEST","BUY","52","220.75","-1.001144"
"AMZN","2025-09-26;23:42:48 AEST","BUY","100","220.75","-0.0022"
"AMZN","2025-09-26;23:42:48 AEST","BUY","100","220.74","-0.2622"
"AMZN","2025-09-26;23:42:48 AEST","BUY","48","220.75","-0.241056"
"AMZN","2025-09-26;23:42:48 AEST","BUY","100","220.75","-0.5022"
"AMZN","2025-09-26;23:47:12 AEST","BUY","300","220.67","-1.5066"
"AMZN","2025-09-26;23:47:12 AEST","BUY","90","220.67","-0.45198"
"AMZN","2025-09-26;23:47:12 AEST","BUY","10","220.67","-0.05022"
"AMZN","2025-09-26;23:40:56 AEST","SELL","-100","220.03","-1.0188"
"AMZN","2025-09-26;23:40:56 AEST","SELL","-100","220.03","-0.0188"
"AMZN","2025-09-26;23:40:56 AEST","SELL","-100","220.03","-0.5188"
"AMZN","2025-09-26;23:40:57 AEST","SELL","-100","220.03","-0.5188"
"AMZN","2025-09-26;23:43:37 AEST","SELL","-100","220.51","-1.0188"
"AMZN","2025-09-26;23:43:38 AEST","SELL","-28","220.5","-0.005264"
"AMZN","2025-09-26;23:43:38 AEST","SELL","-100","220.51","-0.1588"
"AMZN","2025-09-26;23:43:38 AEST","SELL","-100","220.51","-0.5188"
"AMZN","2025-09-26;23:43:38 AEST","SELL","-72","220.51","-0.373536"
"AMZN","2025-09-26;23:47:31 AEST","SELL","-180","220.47","-1.03384"
"AMZN","2025-09-26;23:47:31 AEST","SELL","-100","220.47","-0.4188"
"AMZN","2025-09-26;23:47:31 AEST","SELL","-100","220.46","-0.5188"
"AMZN","2025-09-26;23:47:32 AEST","SELL","-20","220.46","-0.10376"
"ANDE","2025-09-23;00:16:58 AEST","BUY","52","37.9","-1.001144"
"ANDE","2025-09-23;05:55:06 AEST","SELL","-52","38.42","-1.009776"
"AQMS","2025-09-25;23:30:03 AEST","BUY","300","5.21","-1.5066"
"AQMS","2025-09-25;23:30:11 AEST","BUY","75","5.21","-0.37665"
"AQMS","2025-09-26;05:55:06 AEST","SELL","-75","4.85","-1.0141"
"AQMS","2025-09-26;05:55:07 AEST","SELL","-25","4.85","-0.0047"
"AQMS","2025-09-26;05:55:47 AEST","SELL","-100","4.85","-0.0188"
"AQMS","2025-09-26;05:55:47 AEST","SELL","-100","4.85","-0.5188"
"AQMS","2025-09-26;05:55:52 AEST","SELL","-75","4.85","-0.3891"
"AQST","2025-09-24;05:55:05 AEST","BUY","100","5.19","-1.0022"
"AQST","2025-09-24;05:55:05 AEST","BUY","200","5.19","-0.5044"
"AQST","2025-09-24;05:55:05 AEST","BUY","66","5.19","-0.331452"
"AQST","2025-09-24;00:24:29 AEST","SELL","-366","5.45","-1.898808"
"ARBB","2025-09-24;23:48:33 AEST","BUY","100","10.85","-1.0022"
"ARBB","2025-09-24;23:48:44 AEST","BUY","84","10.85","-0.001848"
"ARBB","2025-09-25;05:55:02 AEST","SELL","-100","11.82","-1.0188"
"ARBB","2025-09-25;05:56:33 AEST","SELL","-84","11.82","-0.015792"
"ARES","2025-09-25;23:43:19 AEST","BUY","12","164.5","-1.000264"
"ARES","2025-09-26;05:55:05 AEST","SELL","-12","163.39","-1.002256"
"ARVN","2025-10-01;05:55:05 AEST","BUY","31","8.5","-1.000682"
"ARVN","2025-10-01;05:55:05 AEST","BUY","200","8.5","-0.1594"
"ARVN","2025-09-30;23:59:23 AEST","SELL","-231","8.65","-1.198428"
"ASTS","2025-09-23;23:51:11 AEST","BUY","300","51.94","-1.5066"
"ASTS","2025-09-23;23:51:11 AEST","BUY","100","51.94","-0.5022"
"ASTS","2025-09-23;23:51:34 AEST","SELL","-400","52.14","-2.0752"
"ATAI","2025-09-25;03:53:04 AEST","BUY","200","5.38","-1.0044"
"ATAI","2025-09-25;03:53:04 AEST","BUY","171","5.38","-0.858762"
"ATAI","2025-09-25;05:55:03 AEST","SELL","-371","5.47","-1.924748"
"AXTI","2025-09-24;00:18:31 AEST","BUY","407","4.91","-2.043954"
"AXTI","2025-09-24;05:55:05 AEST","SELL","-407","4.81","-2.111516"
"BABA","2025-09-25;23:36:31 AEST","BUY","400","171.03","-2.0088"
"BABA","2025-09-25;23:36:20 AEST","SELL","-35","170.81","-1.00658"
"BABA","2025-09-25;23:36:20 AEST","SELL","-100","170.81","-0.0188"
"BABA","2025-09-25;23:36:20 AEST","SELL","-165","170.81","-0.53102"
"BABA","2025-09-25;23:36:20 AEST","SELL","-100","170.81","-0.5188"
"BBD","2025-09-22;23:30:10 AEST","SELL","-1000","3.28","-5.188"
"BBD","2025-09-22;23:30:10 AEST","SELL","-250","3.28","-1.297"
"BIDU","2025-09-25;00:10:41 AEST","BUY","15","132.43","-1.00033"
"BIDU","2025-09-24;23:30:10 AEST","SELL","-15","130.92","-1.00282"
"BKKT","2025-10-01;05:55:06 AEST","BUY","69","33.75","-1.001518"
"BKKT","2025-09-30;23:52:28 AEST","SELL","-69","28.59","-1.012972"
"BTQ","2025-09-30;00:32:25 AEST","BUY","100","6.85","-1.0022"
"BTQ","2025-09-30;00:32:25 AEST","BUY","40","6.87","-0.00088"
"BTQ","2025-09-30;00:32:25 AEST","BUY","100","6.87","-0.2022"
"BTQ","2025-09-30;00:32:25 AEST","BUY","100","6.87","-0.5022"
"BTQ","2025-09-30;00:01:38 AEST","SELL","-100","6.29","-1.0188"
"BTQ","2025-09-30;00:01:39 AEST","SELL","-100","6.29","-0.0188"
"BTQ","2025-09-30;00:01:44 AEST","SELL","-100","6.35","-0.5188"
"BTQ","2025-09-30;00:01:54 AEST","SELL","-40","6.36","-0.20752"
"BTU","2025-09-22;23:30:04 AEST","SELL","-100","22.26","-1.0188"
"BTU","2025-09-22;23:30:05 AEST","SELL","-100","22.26","-0.0188"
"BTU","2025-09-22;23:30:12 AEST","SELL","-10","22.26","-0.05188"
"BZUN","2025-09-22;23:31:05 AEST","SELL","-956","4.2","-4.959728"
"CART","2025-09-30;23:30:08 AEST","BUY","54","36.45","-1.001188"
"CART","2025-10-01;05:55:06 AEST","SELL","-54","36.5","-1.010152"
"CLOV","2025-09-24;00:07:44 AEST","BUY","500","3.17","-2.511"
"CLOV","2025-09-24;00:07:44 AEST","BUY","100","3.17","-0.5022"
"CLOV","2025-09-24;00:07:44 AEST","BUY","61","3.17","-0.306342"
"CLOV","2025-09-24;00:07:44 AEST","BUY","600","3.17","-3.0132"
"CLOV","2025-09-29;23:48:34 AEST","SELL","-400","3.19","-2.0752"
"CLOV","2025-09-29;23:48:34 AEST","SELL","-61","3.19","-0.316468"
"CLOV","2025-09-29;23:48:34 AEST","SELL","-100","3.19","-0.5188"
"CLOV","2025-09-29;23:48:34 AEST","SELL","-300","3.19","-1.5564"
"CLOV","2025-09-29;23:48:34 AEST","SELL","-400","3.19","-2.0752"
"COGT","2025-09-30;23:41:46 AEST","BUY","100","13.74","-1.0022"
"COGT","2025-09-30;23:41:46 AEST","BUY","45","13.74","-0.00099"
"COGT","2025-10-01;05:55:05 AEST","SELL","-100","14.37","-1.0188"
"COGT","2025-10-01;05:55:06 AEST","SELL","-45","14.37","-0.00846"
"CPSH","2025-09-25;23:39:56 AEST","BUY","100","3.79","-1.0022"
"CPSH","2025-09-25;23:39:57 AEST","BUY","200","3.79","-0.5044"
"CPSH","2025-09-25;23:39:58 AEST","BUY","100","3.79","-0.5022"
"CPSH","2025-09-25;23:39:58 AEST","BUY","27","3.79","-0.135594"
"CPSH","2025-09-25;23:39:58 AEST","BUY","100","3.79","-0.5022"
"CPSH","2025-09-26;05:55:05 AEST","SELL","-100","3.86","-1.0188"
"CPSH","2025-09-26;05:55:19 AEST","SELL","-200","3.86","-0.5376"
"CPSH","2025-09-26;05:56:35 AEST","SELL","-227","3.86","-1.177676"
"CRK","2025-09-25;05:55:02 AEST","BUY","103","19.27","-1.002266"
"CRK","2025-09-24;23:32:47 AEST","SELL","-3","19.33","-0.589464"
"CRK","2025-09-24;23:32:47 AEST","SELL","-100","19.33","-0.4299"
"CRNX","2025-09-30;03:58:47 AEST","BUY","46","43.47","-1.001012"
"CRNX","2025-09-30;05:55:06 AEST","SELL","-46","43.37","-1.008648"
"CRS","2025-09-25;23:33:32 AEST","BUY","8","229.3","-1.000176"
"CRS","2025-09-26;05:55:06 AEST","SELL","-8","232.48","-1.001504"
"CRWD","2025-09-25;23:41:21 AEST","BUY","8","471.42","-1.000176"
"CRWD","2025-09-26;00:37:56 AEST","SELL","-8","474.71","-1.001504"
"CTMX","2025-09-27;05:55:05 AEST","BUY","300","2.9","-1.5066"
"CTMX","2025-09-27;05:55:05 AEST","BUY","200","2.9","-1.0044"
"CTMX","2025-09-27;05:55:05 AEST","BUY","171","2.9","-0.858762"
"CTMX","2025-09-26;23:30:02 AEST","SELL","-71","3.03","-1.013348"
"CTMX","2025-09-26;23:30:02 AEST","SELL","-600","3.03","-2.4678"
"CXW","2025-09-23;23:49:46 AEST","BUY","31","21.57","-1.000682"
"CXW","2025-09-23;23:49:46 AEST","BUY","100","21.57","-0.0022"
"CXW","2025-09-23;23:49:46 AEST","BUY","55","21.57","-0.00121"
"CXW","2025-09-29;23:44:26 AEST","SELL","-86","22.1","-1.016168"
"CXW","2025-09-29;23:44:26 AEST","SELL","-100","22.1","-0.0188"
"DGNX","2025-09-23;05:55:04 AEST","BUY","100","17.5","-1.0022"
"DGNX","2025-09-23;05:55:10 AEST","BUY","37","17.5","-0.000814"
"DGNX","2025-09-22;23:30:00 AEST","SELL","-137","16.94","-1.025756"
"DKI","2025-09-30;01:35:11 AEST","BUY","100","10.32","-1.0022"
"DKI","2025-09-30;01:35:11 AEST","BUY","93","10.32","-0.002046"
"DKI","2025-09-30;05:55:05 AEST","SELL","-100","10.31","-1.0188"
"DKI","2025-09-30;05:55:05 AEST","SELL","-93","10.31","-0.017484"
"DXYZ","2025-09-30;01:31:48 AEST","BUY","85","23.26","-1.00187"
"DXYZ","2025-10-01;01:14:05 AEST","BUY","90","22.18","-1.00198"
"DXYZ","2025-09-30;05:55:05 AEST","SELL","-85","22.93","-1.01598"
"DXYZ","2025-10-01;05:55:07 AEST","SELL","-90","21.08","-1.01692"
"ETSY","2025-09-29;23:57:56 AEST","BUY","60","65.57","-1.00132"
"EWTX","2025-09-25;23:32:44 AEST","BUY","124","16.07","-1.002728"
"EWTX","2025-09-27;04:49:09 AEST","BUY","28","16.38","-1.000616"
"EWTX","2025-09-27;04:49:10 AEST","BUY","100","16.37","-0.0022"
"EWTX","2025-09-26;05:04:55 AEST","SELL","-124","15.12","-1.023312"
"EWTX","2025-09-27;01:52:11 AEST","SELL","-100","15.57","-1.0188"
"EWTX","2025-09-27;01:52:11 AEST","SELL","-28","15.57","-0.005264"
"EYPT","2025-09-27;04:08:15 AEST","BUY","100","14.09","-1.0022"
"EYPT","2025-09-27;04:08:15 AEST","BUY","47","14.09","-0.001034"
"EYPT","2025-09-27;03:46:48 AEST","SELL","-147","13.6","-1.027636"
"FLD","2025-09-23;00:00:07 AEST","BUY","200","3.96","-1.0044"
"FLD","2025-09-23;00:00:07 AEST","BUY","305","3.95","-1.53171"
"FLD","2025-09-23;00:02:02 AEST","BUY","100","3.87","-1.0022"
"FLD","2025-09-23;00:02:33 AEST","BUY","500","3.87","-2.011"
"FLD","2025-09-23;00:02:33 AEST","BUY","100","3.87","-0.5022"
"FLD","2025-09-23;00:02:33 AEST","BUY","100","3.87","-0.5022"
"FLD","2025-09-23;00:02:33 AEST","BUY","100","3.87","-0.5022"
"FLD","2025-09-23;00:02:33 AEST","BUY","100","3.87","-0.5022"
"FLD","2025-09-23;00:02:33 AEST","BUY","33","3.87","-0.165726"
"FLD","2025-09-23;05:55:05 AEST","SELL","-505","3.86","-2.61994"
"FLD","2025-09-29;23:50:03 AEST","SELL","-233","3.76","-1.208804"
"FLD","2025-09-29;23:50:03 AEST","SELL","-100","3.76","-0.5188"
"FLD","2025-09-29;23:50:03 AEST","SELL","-100","3.76","-0.5188"
"FLD","2025-09-29;23:50:03 AEST","SELL","-100","3.76","-0.5188"
"FLD","2025-09-29;23:50:03 AEST","SELL","-100","3.76","-0.5188"
"FLD","2025-09-29;23:50:03 AEST","SELL","-400","3.76","-2.0752"
"FLNC","2025-09-23;05:55:05 AEST","BUY","2","10.61","-0.218244"
"FLNC","2025-09-23;05:55:05 AEST","BUY","200","10.61","-0.7962"
"FLNC","2025-10-01;01:31:14 AEST","BUY","100","10.7","-1.0022"
"FLNC","2025-10-01;01:31:15 AEST","BUY","273","10.7","-0.871006"
"FLNC","2025-09-23;00:09:21 AEST","SELL","-202","9.86","-1.047976"
"GCTK","2025-09-22;23:30:03 AEST","SELL","-200","6.5","-1.0376"
"GCTK","2025-09-22;23:30:14 AEST","SELL","-200","6.51","-1.0376"
"GCTK","2025-09-25;00:30:39 AEST","SELL","-72","5.64","-1.013536"
"GDOT","2025-09-23;05:55:05 AEST","BUY","34","15.24","-1.000748"
"GDOT","2025-09-23;05:55:05 AEST","BUY","100","15.24","-0.0022"
"GDOT","2025-09-23;02:13:50 AEST","SELL","-34","14.91","-1.006392"
"GDOT","2025-09-23;02:13:50 AEST","SELL","-100","14.91","-0.0188"
"GOOG","2025-09-26;23:34:28 AEST","BUY","100","249.2","-1.0022"
"GOOG","2025-09-26;23:34:29 AEST","BUY","100","249.34","-0.0022"
"GOOG","2025-09-26;23:34:29 AEST","BUY","100","249.34","-0.5022"
"GOOG","2025-09-26;23:34:29 AEST","BUY","100","249.34","-0.5022"
"GOOG","2025-09-26;23:34:54 AEST","SELL","-100","249.4","-1.0188"
"GOOG","2025-09-26;23:34:54 AEST","SELL","-100","249.4","-0.0188"
"GOOG","2025-09-26;23:34:54 AEST","SELL","-100","249.4","-0.5188"
"GOOG","2025-09-26;23:34:54 AEST","SELL","-100","249.4","-0.5188"
"GRAL","2025-09-27;05:55:06 AEST","BUY","39","50.15","-1.000858"
"GRAL","2025-09-27;04:13:39 AEST","SELL","-39","50.05","-1.007332"
"HNGE","2025-09-25;23:30:05 AEST","BUY","38","51.8","-1.000836"
"HNGE","2025-09-26;05:55:05 AEST","SELL","-38","51.25","-1.007144"
"HOLO","2025-09-23;05:55:05 AEST","BUY","300","5.55","-1.5066"
"HOLO","2025-09-23;05:55:08 AEST","BUY","64","5.55","-0.321408"
"HOLO","2025-09-23;01:03:27 AEST","SELL","-100","5.49","-1.0188"
"HOLO","2025-09-23;01:03:27 AEST","SELL","-264","5.49","-0.869632"
"HOND","2025-09-25;23:30:04 AEST","BUY","118","16.49","-1.002596"
"HOND","2025-09-26;05:55:05 AEST","SELL","-118","16","-1.022184"
"IE","2025-09-27;05:55:06 AEST","BUY","20","12.07","-1.00044"
"IE","2025-09-27;05:55:06 AEST","BUY","100","12.07","-0.0022"
"IE","2025-09-27;05:55:11 AEST","BUY","48","12.07","-0.001056"
"IE","2025-09-27;01:15:02 AEST","SELL","-100","11.85","-1.0188"
"IE","2025-09-27;01:15:02 AEST","SELL","-68","11.85","-0.012784"
"IMTX","2025-09-23;02:34:11 AEST","SELL","-100","6.66","-1.0188"
"IMTX","2025-09-23;02:34:11 AEST","SELL","-200","6.66","-0.5376"
"IMTX","2025-09-23;02:34:11 AEST","SELL","-100","6.66","-0.5188"
"IMTX","2025-09-23;02:34:11 AEST","SELL","-240","6.66","-1.24512"
"INTC","2025-09-27;05:55:05 AEST","BUY","56","35.62","-1.001232"
"INTC","2025-09-26;23:30:42 AEST","SELL","-56","35.31","-1.010528"
"IREN","2025-09-24;23:31:40 AEST","BUY","100","45.14","-1.0022"
"IREN","2025-09-24;23:31:40 AEST","BUY","300","45.14","-1.0066"
"IREN","2025-09-24;23:31:43 AEST","SELL","-84","44.9","-1.015792"
"IREN","2025-09-24;23:31:43 AEST","SELL","-116","44.91","-0.021808"
"IREN","2025-09-24;23:31:43 AEST","SELL","-100","44.98","-0.5188"
"IREN","2025-09-24;23:31:43 AEST","SELL","-100","44.92","-0.5188"
"JFB","2025-09-30;23:30:23 AEST","BUY","175","11.3","-1.00385"
"JFB","2025-10-01;05:55:06 AEST","SELL","-75","12.71","-1.0141"
"JFB","2025-10-01;05:55:06 AEST","SELL","-25","12.71","-0.0047"
"JFB","2025-10-01;05:55:11 AEST","SELL","-75","12.71","-0.0141"
"LAC","2025-09-26;05:55:06 AEST","BUY","298","7.34","-1.496556"
"LAC","2025-09-25;23:30:31 AEST","SELL","-298","6.85","-1.546024"
"LAES","2025-09-23;05:55:04 AEST","BUY","300","4.17","-1.5066"
"LAES","2025-09-23;05:55:04 AEST","BUY","100","4.17","-0.5022"
"LAES","2025-09-23;05:55:04 AEST","BUY","40","4.17","-0.20088"
"LAES","2025-09-25;01:49:04 AEST","BUY","749","3.81","-3.761478"
"LAES","2025-09-25;01:49:04 AEST","BUY","300","3.81","-1.5066"
"LAES","2025-09-23;00:38:03 AEST","SELL","-440","4.54","-2.28272"
"LAES","2025-09-29;23:48:30 AEST","SELL","-100","3.99","-1.0188"
"LAES","2025-09-29;23:48:30 AEST","SELL","-949","3.99","-4.423412"
"LEU","2025-09-26;00:42:21 AEST","BUY","6","304.99","-1.000132"
"LEU","2025-09-26;00:10:52 AEST","SELL","-6","290.48","-1.001128"
"LRMR","2025-09-25;23:38:27 AEST","BUY","100","4.74","-1.0022"
"LRMR","2025-09-25;23:38:29 AEST","BUY","300","4.74","-1.0066"
"LRMR","2025-09-25;23:38:29 AEST","BUY","21","4.74","-0.105462"
"LRMR","2025-09-29;23:37:45 AEST","BUY","500","3.7","-2.511"
"LRMR","2025-09-29;23:37:46 AEST","BUY","356","3.71","-1.787832"
"LRMR","2025-09-26;05:55:06 AEST","SELL","-300","4.9","-1.5564"
"LRMR","2025-09-26;05:55:06 AEST","SELL","-121","4.9","-0.627748"
"M","2025-09-24;05:55:04 AEST","BUY","16","17.16","-1.000352"
"M","2025-09-24;05:55:04 AEST","BUY","100","17.16","-0.0022"
"M","2025-09-23;23:45:36 AEST","SELL","-116","17.19","-1.021808"
"MFC","2025-09-22;23:30:02 AEST","SELL","-100","31.41","-1.0188"
"MFC","2025-09-22;23:30:13 AEST","SELL","-28","31.34","-0.005264"
"MNMD","2025-09-30;23:38:29 AEST","BUY","173","11.51","-1.003806"
"MNMD","2025-10-01;05:55:05 AEST","SELL","-100","11.75","-1.0188"
"MNMD","2025-10-01;05:55:05 AEST","SELL","-73","11.75","-0.013724"
"MP","2025-09-23;23:40:16 AEST","BUY","200","76.16","-1.0044"
"MP","2025-09-23;23:40:17 AEST","BUY","5","76.16","-0.02511"
"MP","2025-09-23;23:40:17 AEST","BUY","95","76.16","-0.47709"
"MP","2025-09-23;23:40:17 AEST","BUY","100","76.16","-0.5022"
"MP","2025-09-24;00:26:50 AEST","BUY","96","74.6","-1.002112"
"MP","2025-09-24;00:26:50 AEST","BUY","200","74.6","-0.4844"
"MP","2025-09-24;00:26:50 AEST","BUY","100","74.6","-0.5022"
"MP","2025-09-24;00:26:50 AEST","BUY","4","74.6","-0.020088"
"MP","2025-09-24;01:38:52 AEST","SELL","-200","75.5","-1.0376"
"MP","2025-09-24;01:38:52 AEST","SELL","-100","75.5","-0.5188"
"MP","2025-09-24;01:38:52 AEST","SELL","-100","75.5","-0.5188"
"MP","2025-09-24;01:39:03 AEST","SELL","-100","75.5","-0.5188"
"MP","2025-09-24;01:39:03 AEST","SELL","-100","75.52","-0.5188"
"MP","2025-09-24;01:39:03 AEST","SELL","-200","75.5","-1.0376"
"MPB","2025-09-22;23:30:15 AEST","SELL","-100","31","-1.0188"
"MPB","2025-09-23;02:23:36 AEST","SELL","-31","30.82","-1.005828"
"MRVL","2025-09-24;23:46:04 AEST","BUY","100","78.32","-1.0022"
"MRVL","2025-09-24;23:46:05 AEST","BUY","100","78.31","-0.0022"
"MRVL","2025-09-24;23:46:05 AEST","BUY","200","78.32","-1.0044"
"MRVL","2025-09-24;23:47:04 AEST","BUY","100","78.63","-1.0022"
"MRVL","2025-09-24;23:47:04 AEST","BUY","100","78.63","-0.0022"
"MRVL","2025-09-24;23:47:04 AEST","BUY","200","78.63","-1.0044"
"MRVL","2025-09-24;23:49:15 AEST","BUY","100","78.18","-1.0022"
"MRVL","2025-09-24;23:49:15 AEST","BUY","300","78.18","-1.0066"
"MRVL","2025-09-24;23:46:30 AEST","SELL","-100","78.52","-1.0188"
"MRVL","2025-09-24;23:46:30 AEST","SELL","-100","78.52","-0.0188"
"MRVL","2025-09-24;23:46:30 AEST","SELL","-100","78.52","-0.5188"
"MRVL","2025-09-24;23:46:31 AEST","SELL","-100","78.52","-0.5188"
"MRVL","2025-09-24;23:47:58 AEST","SELL","-50","78.42","-1.0094"
"MRVL","2025-09-24;23:47:58 AEST","SELL","-150","78.42","-0.0282"
"MRVL","2025-09-24;23:47:58 AEST","SELL","-200","78.42","-1.0376"
"MRVL","2025-09-24;23:50:01 AEST","SELL","-200","77.93","-1.0376"
"MRVL","2025-09-24;23:50:01 AEST","SELL","-100","77.93","-0.5188"
"MRVL","2025-09-24;23:50:01 AEST","SELL","-100","77.93","-0.5188"
"NBIS","2025-09-24;23:40:49 AEST","BUY","100","110.85","-1.0022"
"NBIS","2025-09-24;23:40:49 AEST","BUY","100","110.85","-0.0022"
"NBIS","2025-09-24;23:40:50 AEST","BUY","100","110.85","-0.5022"
"NBIS","2025-09-24;23:40:51 AEST","BUY","100","110.9","-0.5022"
"NBIS","2025-09-24;23:42:05 AEST","BUY","400","111.08","-2.0088"
"NBIS","2025-09-24;23:40:56 AEST","SELL","-100","110.6","-1.0188"
"NBIS","2025-09-24;23:40:56 AEST","SELL","-100","110.6","-0.0188"
"NBIS","2025-09-24;23:40:56 AEST","SELL","-100","110.6","-0.5188"
"NBIS","2025-09-24;23:40:56 AEST","SELL","-100","110.6","-0.5188"
"NBIS","2025-09-24;23:42:16 AEST","SELL","-100","110.83","-1.0188"
"NBIS","2025-09-24;23:42:48 AEST","SELL","-100","110.83","-0.0188"
"NBIS","2025-09-24;23:42:48 AEST","SELL","-100","110.83","-0.5188"
"NBIS","2025-09-24;23:42:48 AEST","SELL","-100","110.83","-0.5188"
"NIO","2025-09-24;05:55:05 AEST","BUY","100","6.95","-1.0022"
"NIO","2025-09-24;05:55:05 AEST","BUY","181","6.95","-0.408982"
"NIO","2025-09-24;00:07:05 AEST","SELL","-281","7.11","-1.457828"
"NNE","2025-09-22;23:34:01 AEST","BUY","47","42.33","-1.001034"
"NNE","2025-09-25;23:30:03 AEST","BUY","99","40.02","-1.002178"
"NNE","2025-09-23;05:55:05 AEST","SELL","-47","45.31","-1.008836"
"NNE","2025-09-26;01:00:11 AEST","SELL","-99","41.16","-1.018612"
"NUAI","2025-09-30;23:30:03 AEST","BUY","200","2.11","-1.0044"
"NUAI","2025-09-30;23:30:03 AEST","BUY","100","2.11","-0.5022"
"NUAI","2025-09-30;23:30:06 AEST","BUY","178","2.11","-0.893916"
"NUAI","2025-09-30;23:30:07 AEST","BUY","100","2.11","-0.5022"
"NUAI","2025-09-30;23:30:07 AEST","BUY","100","2.11","-0.5022"
"NUAI","2025-09-30;23:30:08 AEST","BUY","100","2.11","-0.5022"
"NUAI","2025-09-30;23:30:08 AEST","BUY","95","2.11","-0.47709"
"NUAI","2025-10-01;00:31:33 AEST","SELL","-873","1.93","-4.529124"
"NVDA","2025-09-22;23:48:08 AEST","BUY","200","175.93","-1.0044"
"NVDA","2025-09-22;23:48:08 AEST","BUY","200","175.93","-1.0044"
"NVDA","2025-09-25;23:33:51 AEST","BUY","250","174.99","-1.2555"
"NVDA","2025-09-25;23:33:51 AEST","BUY","100","174.99","-0.5022"
"NVDA","2025-09-25;23:33:51 AEST","BUY","50","174.99","-0.2511"
"NVDA","2025-09-25;23:34:50 AEST","BUY","300","174.48","-1.5066"
"NVDA","2025-09-25;23:34:50 AEST","BUY","100","174.48","-0.5022"
"NVDA","2025-09-25;23:35:10 AEST","BUY","80","174.66","-1.00176"
"NVDA","2025-09-25;23:35:10 AEST","BUY","20","174.66","-0.00044"
"NVDA","2025-09-25;23:35:10 AEST","BUY","200","174.66","-0.5044"
"NVDA","2025-09-25;23:35:10 AEST","BUY","100","174.66","-0.5022"
"NVDA","2025-09-25;23:35:42 AEST","BUY","100","174.63","-1.0022"
"NVDA","2025-09-25;23:35:42 AEST","BUY","200","174.62","-0.5044"
"NVDA","2025-09-25;23:35:42 AEST","BUY","100","174.63","-0.5022"
"NVDA","2025-09-25;23:48:33 AEST","BUY","300","175.1","-1.5066"
"NVDA","2025-09-25;23:48:33 AEST","BUY","100","175.11","-0.5022"
"NVDA","2025-09-25;23:51:06 AEST","BUY","400","175.57","-2.0088"
"NVDA","2025-09-25;23:52:28 AEST","BUY","200","174.54","-1.0044"
"NVDA","2025-09-25;23:52:28 AEST","BUY","200","174.54","-1.0044"
"NVDA","2025-09-26;00:06:17 AEST","BUY","100","176.77","-1.0022"
"NVDA","2025-09-26;00:06:17 AEST","BUY","200","176.76","-0.5044"
"NVDA","2025-09-26;00:06:17 AEST","BUY","100","176.77","-0.5022"
"NVDA","2025-09-26;23:32:34 AEST","BUY","100","178.11","-1.0022"
"NVDA","2025-09-26;23:32:34 AEST","BUY","100","178.11","-0.0022"
"NVDA","2025-09-26;23:32:34 AEST","BUY","200","178.07","-1.0044"
"NVDA","2025-09-26;23:48:12 AEST","BUY","100","177.41","-1.0022"
"NVDA","2025-09-26;23:48:12 AEST","BUY","100","177.41","-0.0022"
"NVDA","2025-09-26;23:48:12 AEST","BUY","100","177.41","-0.5022"
"NVDA","2025-09-26;23:48:12 AEST","BUY","31","177.41","-0.155682"
"NVDA","2025-09-26;23:48:12 AEST","BUY","69","177.41","-0.346518"
"NVDA","2025-09-22;23:52:39 AEST","SELL","-100","175.85","-1.0188"
"NVDA","2025-09-22;23:52:39 AEST","SELL","-100","175.85","-0.0188"
"NVDA","2025-09-22;23:52:39 AEST","SELL","-200","175.85","-1.0376"
"NVDA","2025-09-25;23:34:03 AEST","SELL","-100","174.79","-1.0188"
"NVDA","2025-09-25;23:34:03 AEST","SELL","-200","174.79","-0.5376"
"NVDA","2025-09-25;23:34:03 AEST","SELL","-100","174.79","-0.5188"
"NVDA","2025-09-25;23:34:15 AEST","SELL","-100","174.68","-1.0188"
"NVDA","2025-09-25;23:34:15 AEST","SELL","-100","174.68","-0.0188"
"NVDA","2025-09-25;23:34:15 AEST","SELL","-100","174.68","-0.5188"
"NVDA","2025-09-25;23:34:15 AEST","SELL","-100","174.68","-0.5188"
"NVDA","2025-09-25;23:35:00 AEST","SELL","-100","174.44","-1.0188"
"NVDA","2025-09-25;23:35:00 AEST","SELL","-30","174.44","-0.00564"
"NVDA","2025-09-25;23:35:00 AEST","SELL","-100","174.44","-0.1688"
"NVDA","2025-09-25;23:35:00 AEST","SELL","-170","174.44","-0.88196"
"NVDA","2025-09-25;23:35:24 AEST","SELL","-100","174.42","-1.0188"
"NVDA","2025-09-25;23:35:24 AEST","SELL","-100","174.42","-0.0188"
"NVDA","2025-09-25;23:35:24 AEST","SELL","-100","174.42","-0.5188"
"NVDA","2025-09-25;23:35:24 AEST","SELL","-100","174.43","-0.5188"
"NVDA","2025-09-25;23:50:08 AEST","SELL","-100","175.3","-1.0188"
"NVDA","2025-09-25;23:50:08 AEST","SELL","-100","175.3","-0.0188"
"NVDA","2025-09-25;23:50:08 AEST","SELL","-200","175.3","-1.0376"
"NVDA","2025-09-25;23:51:19 AEST","SELL","-100","175.36","-1.0188"
"NVDA","2025-09-25;23:51:19 AEST","SELL","-100","175.35","-0.0188"
"NVDA","2025-09-25;23:51:19 AEST","SELL","-100","175.35","-0.5188"
"NVDA","2025-09-25;23:51:19 AEST","SELL","-100","175.35","-0.5188"
"NVDA","2025-09-25;23:52:19 AEST","SELL","-30","174.74","-1.00564"
"NVDA","2025-09-25;23:52:19 AEST","SELL","-200","174.74","-0.1876"
"NVDA","2025-09-25;23:52:19 AEST","SELL","-170","174.74","-0.88196"
"NVDA","2025-09-26;00:49:46 AEST","SELL","-100","178.2","-1.0188"
"NVDA","2025-09-26;00:49:46 AEST","SELL","-100","178.2","-0.0188"
"NVDA","2025-09-26;00:49:46 AEST","SELL","-179","178.2","-0.928652"
"NVDA","2025-09-26;00:49:46 AEST","SELL","-21","178.2","-0.108948"
"NVDA","2025-09-26;23:32:49 AEST","SELL","-400","178.27","-2.0752"
"NVDA","2025-09-26;23:48:41 AEST","SELL","-200","177.18","-1.0376"
"NVDA","2025-09-26;23:48:41 AEST","SELL","-200","177.18","-1.0376"
"OSK","2025-09-30;05:16:26 AEST","BUY","31","128.26","-1.000682"
"PGY","2025-10-01;00:05:52 AEST","BUY","66","30.22","-1.001452"
"PGY","2025-10-01;05:55:06 AEST","SELL","-66","29.59","-1.012408"
"PLTR","2025-09-23;23:53:06 AEST","BUY","400","185.57","-2.0088"
"PLTR","2025-09-23;23:59:20 AEST","BUY","93","182.86","-1.002046"
"PLTR","2025-09-23;23:59:20 AEST","BUY","100","182.86","-0.0022"
"PLTR","2025-09-23;23:59:20 AEST","BUY","100","182.86","-0.4672"
"PLTR","2025-09-24;00:00:19 AEST","BUY","7","181.98","-1.000154"
"PLTR","2025-09-24;00:00:19 AEST","BUY","100","181.98","-0.0022"
"PLTR","2025-09-23;23:55:44 AEST","SELL","-160","184.14","-1.03008"
"PLTR","2025-09-23;23:55:44 AEST","SELL","-100","184.14","-0.3188"
"PLTR","2025-09-23;23:55:44 AEST","SELL","-140","184.14","-0.72632"
"PLTR","2025-09-23;23:55:44 AEST","SELL","-100","184.14","-0.5188"
"PLTR","2025-09-23;23:55:45 AEST","SELL","-40","184.14","-0.20752"
"PLTR","2025-09-23;23:55:45 AEST","SELL","-100","184.15","-0.5188"
"PLTR","2025-09-23;23:55:45 AEST","SELL","-100","184.15","-0.5188"
"PLTR","2025-09-23;23:55:45 AEST","SELL","-53","184.15","-0.274964"
"PLTR","2025-09-23;23:55:45 AEST","SELL","-7","184.15","-0.036316"
"PLUG","2025-09-24;05:55:05 AEST","BUY","611","2.53","-3.068442"
"PLUG","2025-09-24;05:55:05 AEST","BUY","100","2.53","-0.5022"
"PLUG","2025-09-23;23:30:02 AEST","SELL","-400","2.9","-2.0752"
"PLUG","2025-09-23;23:30:02 AEST","SELL","-211","2.9","-1.094668"
"PLUG","2025-09-23;23:30:02 AEST","SELL","-100","2.9","-0.5188"
"QMCO","2025-09-25;23:30:04 AEST","BUY","100","9.32","-1.0022"
"QMCO","2025-09-25;23:30:15 AEST","BUY","301","9.4","-1.011622"
"QMCO","2025-09-26;01:01:19 AEST","SELL","-100","9.82","-1.0188"
"QS","2025-09-25;23:43:20 AEST","BUY","345","11.58","-1.73259"
"QS","2025-09-26;00:25:11 AEST","SELL","-100","12.5","-1.0188"
"QS","2025-09-26;00:25:26 AEST","SELL","-100","12.53","-1.0188"
"QS","2025-09-26;00:25:26 AEST","SELL","-45","12.53","-0.00846"
"QS","2025-09-26;00:25:27 AEST","SELL","-100","12.53","-0.2438"
"QSG","2025-09-22;23:30:02 AEST","SELL","-100","9.66","-1.0188"
"QSG","2025-09-22;23:30:03 AEST","SELL","-100","9.66","-0.0188"
"QSG","2025-09-22;23:30:04 AEST","SELL","-200","9.66","-1.0376"
"QSG","2025-09-22;23:30:08 AEST","SELL","-8","9.66","-0.041504"
"QUBT","2025-09-22;23:31:06 AEST","BUY","94","19.49","-1.002068"
"QUBT","2025-09-22;23:31:16 AEST","BUY","99","19.45","-1.002178"
"QUBT","2025-09-22;23:31:16 AEST","BUY","100","19.45","-0.0022"
"QUBT","2025-09-23;05:55:04 AEST","SELL","-94","20.2","-1.017672"
"QUBT","2025-09-29;23:48:32 AEST","SELL","-100","20.5","-1.0188"
"QUBT","2025-09-29;23:48:32 AEST","SELL","-99","20.5","-0.018612"
"RR","2025-09-24;03:36:33 AEST","BUY","402","4.97","-2.018844"
"RR","2025-09-24;05:55:05 AEST","SELL","-102","4.82","-1.019176"
"RR","2025-09-24;05:55:05 AEST","SELL","-100","4.82","-0.0288"
"RR","2025-09-24;05:55:05 AEST","SELL","-100","4.82","-0.5188"
"RR","2025-09-24;05:55:05 AEST","SELL","-100","4.82","-0.5188"
"SIG","2025-09-23;04:15:43 AEST","SELL","-42","94.45","-1.007896"
"SKYT","2025-09-30;05:55:05 AEST","BUY","105","18.22","-1.00231"
"SKYT","2025-09-30;00:01:47 AEST","SELL","-100","19.03","-1.0188"
"SKYT","2025-09-30;00:05:24 AEST","SELL","-5","19.03","-0.00094"
"SLDB","2025-09-26;03:58:31 AEST","BUY","200","5.81","-1.0044"
"SLDB","2025-09-26;03:58:31 AEST","BUY","44","5.81","-0.220968"
"SLDB","2025-09-26;03:58:31 AEST","BUY","100","5.81","-0.5022"
"SLDB","2025-09-26;05:55:05 AEST","SELL","-100","5.83","-1.0188"
"SLDB","2025-09-26;05:55:05 AEST","SELL","-100","5.83","-0.0188"
"SLDB","2025-09-26;05:55:05 AEST","SELL","-44","5.83","-0.228272"
"SLDB","2025-09-26;05:55:08 AEST","SELL","-100","5.83","-0.5188"
"SLNH","2025-09-25;23:36:33 AEST","BUY","200","2.82","-1.0044"
"SLNH","2025-09-25;23:36:33 AEST","BUY","309","2.82","-1.551798"
"SLNH","2025-09-25;23:36:33 AEST","BUY","200","2.82","-1.0044"
"SLNH","2025-10-01;01:26:20 AEST","BUY","100","2.15","-1.0022"
"SLNH","2025-10-01;01:26:20 AEST","BUY","100","2.15","-0.0022"
"SLNH","2025-10-01;01:26:20 AEST","BUY","400","2.15","-2.0088"
"SLNH","2025-10-01;01:26:20 AEST","BUY","100","2.15","-0.5022"
"SLNH","2025-10-01;01:26:21 AEST","BUY","600","2.15","-3.0132"
"SLNH","2025-10-01;01:26:21 AEST","BUY","300","2.15","-1.5066"
"SLNH","2025-10-01;01:26:21 AEST","BUY","59","2.15","-0.296298"
"SLNH","2025-10-01;01:26:21 AEST","BUY","1","2.15","-0.005022"
"SLNH","2025-10-01;01:26:21 AEST","BUY","200","2.15","-1.0044"
"SLNH","2025-09-26;05:55:06 AEST","SELL","-709","2.93","-3.678292"
"SMR","2025-09-22;23:37:36 AEST","BUY","46","43","-1.001012"
"SMR","2025-09-24;03:39:49 AEST","BUY","95","41.67","-1.00209"
"SMR","2025-09-23;05:55:05 AEST","SELL","-46","44.99","-1.008648"
"SMR","2025-09-29;23:47:01 AEST","SELL","-95","38.9","-1.01786"
"SONN","2025-09-22;23:30:03 AEST","SELL","-663","6.05","-3.439644"
"SONN","2025-09-22;23:30:03 AEST","SELL","-100","6.05","-0.5188"
"SONN","2025-09-22;23:30:03 AEST","SELL","-100","6.05","-0.5188"
"SPRC","2025-09-25;23:39:03 AEST","BUY","100","6.46","-1.0022"
"SPRC","2025-09-25;23:39:03 AEST","BUY","100","6.46","-0.0022"
"SPRC","2025-09-25;23:45:38 AEST","SELL","-100","7.35","-1.0188"
"SPRC","2025-09-25;23:45:38 AEST","SELL","-100","7.35","-0.0188"
"SRRK","2025-10-01;04:30:14 AEST","BUY","54","36.85","-1.001188"
"SRRK","2025-10-01;05:55:05 AEST","SELL","-54","37.31","-1.010152"
"SRTA","2025-09-25;23:41:16 AEST","BUY","100","5.08","-1.0022"
"SRTA","2025-09-25;23:41:16 AEST","BUY","100","5.08","-0.0022"
"SRTA","2025-09-25;23:41:16 AEST","BUY","100","5.08","-0.5022"
"SRTA","2025-09-25;23:41:27 AEST","BUY","100","5.08","-0.5022"
"SRTA","2025-09-25;23:41:28 AEST","BUY","200","5.08","-1.0044"
"SRTA","2025-09-25;23:41:33 AEST","BUY","187","5.08","-0.939114"
"SRTA","2025-09-26;00:27:43 AEST","SELL","-300","5.17","-1.5564"
"SRTA","2025-09-26;00:27:44 AEST","SELL","-200","5.17","-1.0376"
"SRTA","2025-09-26;00:27:45 AEST","SELL","-200","5.16","-1.0376"
"SRTA","2025-09-26;00:27:46 AEST","SELL","-87","5.16","-0.451356"
"SXT","2025-09-23;00:26:52 AEST","BUY","39","101.04","-1.000858"
"SXT","2025-09-22;23:30:16 AEST","SELL","-38","101.48","-1.007144"
"SXT","2025-10-01;02:21:01 AEST","SELL","-39","93.99","-1.007332"
"SYM","2025-09-25;02:10:28 AEST","BUY","76","52.58","-1.001672"
"SYM","2025-09-29;23:47:57 AEST","SELL","-76","53.84","-1.014288"
"TARA","2025-09-26;05:55:06 AEST","BUY","454","4.3","-2.279988"
"TARA","2025-09-26;00:17:05 AEST","SELL","-54","4.4","-1.010152"
"TARA","2025-09-26;00:17:05 AEST","SELL","-300","4.4","-0.8264"
"TARA","2025-09-26;00:17:05 AEST","SELL","-100","4.4","-0.5188"
"TSLA","2025-09-22;23:53:11 AEST","BUY","100","440.61","-1.0022"
"TSLA","2025-09-24;23:34:09 AEST","BUY","100","432.25","-1.0022"
"TSLA","2025-09-24;23:56:47 AEST","BUY","100","437.52","-1.0022"
"TSLA","2025-09-22;23:58:12 AEST","SELL","-100","440.87","-1.0188"
"TSLA","2025-09-24;23:35:14 AEST","SELL","-100","433.54","-1.0188"
"TSLA","2025-09-24;23:58:08 AEST","SELL","-100","438.08","-1.0188"
"UBER","2025-09-23;00:04:08 AEST","BUY","100","101.39","-1.0022"
"UBER","2025-09-23;00:04:08 AEST","BUY","100","101.39","-0.0022"
"UBER","2025-09-23;00:04:08 AEST","BUY","100","101.39","-0.5022"
"UBER","2025-09-23;00:04:09 AEST","BUY","100","101.39","-0.5022"
"UBER","2025-09-23;00:04:47 AEST","BUY","100","101.31","-1.0022"
"UBER","2025-09-23;00:04:47 AEST","BUY","100","101.31","-0.0022"
"UBER","2025-09-23;00:04:47 AEST","BUY","100","101.31","-0.5022"
"UBER","2025-09-23;00:04:49 AEST","BUY","100","101.31","-0.5022"
"UBER","2025-09-23;00:04:15 AEST","SELL","-200","101.18","-1.0376"
"UBER","2025-09-23;00:04:15 AEST","SELL","-100","101.17","-0.5188"
"UBER","2025-09-23;00:04:15 AEST","SELL","-100","101.18","-0.5188"
"UBER","2025-09-23;00:04:56 AEST","SELL","-100","101.09","-1.0188"
"UBER","2025-09-23;00:04:56 AEST","SELL","-100","101.09","-0.0188"
"UBER","2025-09-23;00:04:56 AEST","SELL","-100","101.09","-0.5188"
"UBER","2025-09-23;00:04:56 AEST","SELL","-100","101.09","-0.5188"
"UUUU","2025-09-27;05:55:05 AEST","BUY","8","16.69","-1.000176"
"UUUU","2025-09-27;05:55:05 AEST","BUY","100","16.69","-0.0022"
"UUUU","2025-09-26;23:35:02 AEST","SELL","-108","18.46","-1.020304"
"VERI","2025-09-23;05:55:04 AEST","BUY","200","5.73","-1.0044"
"VERI","2025-09-23;05:55:04 AEST","BUY","50","5.73","-0.2511"
"VERI","2025-09-23;05:55:04 AEST","BUY","100","5.73","-0.5022"
"VERI","2025-09-22;23:30:01 AEST","SELL","-100","5.73","-1.0188"
"VERI","2025-09-22;23:30:12 AEST","SELL","-100","5.77","-0.0188"
"VERI","2025-09-22;23:30:12 AEST","SELL","-100","5.77","-0.5188"
"VERI","2025-09-22;23:30:17 AEST","SELL","-50","5.84","-0.2594"
"VET","2025-09-30;05:56:58 AEST","BUY","100","8.05","-1.0022"
"VET","2025-09-30;05:56:58 AEST","BUY","396","8.05","-1.488712"
"VITL","2025-10-01;00:26:36 AEST","BUY","97","41.15","-1.002134"
"VIVS","2025-09-22;23:30:02 AEST","SELL","-400","4.07","-2.0752"
"VIVS","2025-09-23;04:43:24 AEST","SELL","-100","3.88","-1.0188"
"VIVS","2025-09-23;04:43:24 AEST","SELL","-100","3.89","-0.0188"
"VIVS","2025-09-23;04:43:24 AEST","SELL","-100","3.88","-0.5188"
"VIVS","2025-09-23;04:43:24 AEST","SELL","-200","3.88","-1.0376"
"VIVS","2025-09-23;04:43:24 AEST","SELL","-100","3.89","-0.5188"
"VIVS","2025-09-23;04:43:48 AEST","SELL","-100","3.89","-0.5188"
"VNCE","2025-09-25;05:55:03 AEST","BUY","600","3.35","-3.0132"
"VNCE","2025-09-25;05:56:37 AEST","BUY","11","3.36","-0.055242"
"VNCE","2025-09-25;04:45:53 AEST","SELL","-100","3.27","-1.0188"
"VNCE","2025-09-25;04:54:51 AEST","SELL","-411","3.27","-1.632268"
"VNCE","2025-09-25;04:54:51 AEST","SELL","-100","3.27","-0.5188"
"VUZI","2025-09-24;05:55:06 AEST","BUY","400","3.26","-2.0088"
"VUZI","2025-09-24;05:55:06 AEST","BUY","100","3.26","-0.5022"
"VUZI","2025-09-24;05:55:06 AEST","BUY","54","3.26","-0.271188"
"VUZI","2025-09-23;23:31:31 AEST","SELL","-400","3.61","-2.0752"
"VUZI","2025-09-23;23:31:31 AEST","SELL","-100","3.61","-0.5188"
"VUZI","2025-09-23;23:31:32 AEST","SELL","-54","3.61","-0.280152"
"WEX","2025-09-24;04:06:26 AEST","BUY","24","160.91","-1.000528"
"WEX","2025-10-01;00:32:03 AEST","BUY","25","158.09","-1.00055"
"WEX","2025-09-29;23:51:16 AEST","SELL","-24","158.53","-1.004512"
"WOLF","2025-10-01;05:55:06 AEST","BUY","82","30.46","-1.001804"
"WOLF","2025-09-30;23:30:12 AEST","SELL","-82","28.5","-1.015416"
"WRD","2025-09-25;23:43:29 AEST","BUY","100","10.78","-1.0022"
"WRD","2025-09-25;23:43:29 AEST","BUY","100","10.78","-0.0022"
"WRD","2025-09-25;23:43:29 AEST","BUY","100","10.78","-0.5022"
"WRD","2025-09-25;23:43:29 AEST","BUY","71","10.78","-0.356562"
"WRD","2025-09-26;01:17:31 AEST","SELL","-100","11.06","-1.0188"
"WRD","2025-09-26;01:17:32 AEST","SELL","-200","11.06","-0.5376"
"WRD","2025-09-26;01:17:38 AEST","SELL","-71","11.06","-0.368348"
